HOTEL5316,Rajpark,Superior,17-01-2019,2200,400,400,800,420,0,0,0,0
HOTEL5316,Rajpark,Superior,18-01-2019,2200,400,400,800,420,0,0,0,0
HOTEL5316,Rajpark,Superior,19-01-2019,2200,400,400,800,420,0,0,0,0
HOTEL5316,Rajpark,Superior,20-01-2019,2200,400,400,800,420,0,0,0,0
HOTEL5316,Rajpark,Superior,21-01-2019,2200,400,400,800,420,0,0,0,0
HOTEL5316,Rajpark,Superior,22-01-2019,2200,400,400,800,420,0,0,0,0
HOTEL5316,Rajpark,Superior,23-01-2019,2200,400,400,800,420,0,0,0,0
HOTEL5316,Rajpark,Superior,24-01-2019,2200,400,400,800,420,0,0,0,0
HOTEL5316,Rajpark,Superior,25-01-2019,2200,400,400,800,420,0,0,0,0
HOTEL5316,Rajpark,Superior,26-01-2019,2200,400,400,800,420,0,0,0,0
HOTEL5316,Rajpark,Superior,27-01-2019,2200,400,400,800,420,0,0,0,0
HOTEL5316,Rajpark,Superior,28-01-2019,2200,400,400,800,420,0,0,0,0
HOTEL5316,Rajpark,Superior,29-01-2019,2200,400,400,800,420,0,0,0,0
HOTEL5316,Rajpark,Superior,30-01-2019,2200,400,400,800,420,0,0,0,0
HOTEL5316,Rajpark,Superior,31-01-2019,2200,400,400,800,420,0,0,0,0
HOTEL5316,Rajpark,Superior,01-02-2019,2200,400,400,800,420,0,0,0,0
HOTEL5316,Rajpark,Superior,02-02-2019,2200,400,400,800,420,0,0,0,0
HOTEL5316,Rajpark,Superior,03-02-2019,2200,400,400,800,420,0,0,0,0
HOTEL5316,Rajpark,Superior,04-02-2019,2200,400,400,800,420,0,0,0,0
HOTEL5316,Rajpark,Superior,05-02-2019,2200,400,400,800,420,0,0,0,0
HOTEL5316,Rajpark,Superior,06-02-2019,2200,400,400,800,420,0,0,0,0
HOTEL5316,Rajpark,Superior,07-02-2019,2200,400,400,800,420,0,0,0,0
HOTEL5316,Rajpark,Superior,08-02-2019,2200,400,400,800,420,0,0,0,0
HOTEL5316,Rajpark,Superior,09-02-2019,2200,400,400,800,420,0,0,0,0
HOTEL5316,Rajpark,Superior,10-02-2019,2200,400,400,800,420,0,0,0,0
HOTEL5316,Rajpark,Superior,11-02-2019,2200,400,400,800,420,0,0,0,0
HOTEL5316,Rajpark,Superior,12-02-2019,2200,400,400,800,420,0,0,0,0
HOTEL5316,Rajpark,Superior,13-02-2019,2200,400,400,800,420,0,0,0,0
HOTEL5316,Rajpark,Superior,14-02-2019,2200,400,400,800,420,0,0,0,0
HOTEL5316,Rajpark,Superior,15-02-2019,2200,400,400,800,420,0,0,0,0
HOTEL5316,Rajpark,Superior,16-02-2019,2200,400,400,800,420,0,0,0,0
HOTEL5316,Rajpark,Superior,17-02-2019,2200,400,400,800,420,0,0,0,0
HOTEL5316,Rajpark,Superior,18-02-2019,2200,400,400,800,420,0,0,0,0
HOTEL5316,Rajpark,Superior,19-02-2019,2200,400,400,800,420,0,0,0,0
HOTEL5316,Rajpark,Superior,20-02-2019,2200,400,400,800,420,0,0,0,0
HOTEL5316,Rajpark,Superior,21-02-2019,2200,400,400,800,420,0,0,0,0
HOTEL5316,Rajpark,Superior,22-02-2019,2200,400,400,800,420,0,0,0,0
HOTEL5316,Rajpark,Superior,23-02-2019,2200,400,400,800,420,0,0,0,0
HOTEL5316,Rajpark,Superior,24-02-2019,2200,400,400,800,420,0,0,0,0
HOTEL5316,Rajpark,Superior,25-02-2019,2200,400,400,800,420,0,0,0,0
HOTEL5316,Rajpark,Superior,26-02-2019,2200,400,400,800,420,0,0,0,0
HOTEL5316,Rajpark,Superior,27-02-2019,2200,400,400,800,420,0,0,0,0
HOTEL5316,Rajpark,Superior,28-02-2019,2200,400,400,800,420,0,0,0,0
HOTEL5316,Rajpark,Superior,01-03-2019,2200,400,400,800,420,0,0,0,0
HOTEL5316,Rajpark,Superior,02-03-2019,2200,400,400,800,420,0,0,0,0
HOTEL5316,Rajpark,Superior,03-03-2019,2200,400,400,800,420,0,0,0,0
HOTEL5316,Rajpark,Superior,04-03-2019,2200,400,400,800,420,0,0,0,0
HOTEL5316,Rajpark,Superior,05-03-2019,2200,400,400,800,420,0,0,0,0
HOTEL5316,Rajpark,Superior,06-03-2019,2200,400,400,800,420,0,0,0,0
HOTEL5316,Rajpark,Superior,07-03-2019,2200,400,400,800,420,0,0,0,0
HOTEL5316,Rajpark,Superior,08-03-2019,2200,400,400,800,420,0,0,0,0
HOTEL5316,Rajpark,Superior,09-03-2019,2200,400,400,800,420,0,0,0,0
HOTEL5316,Rajpark,Superior,10-03-2019,2200,400,400,800,420,0,0,0,0
HOTEL5316,Rajpark,Superior,11-03-2019,2200,400,400,800,420,0,0,0,0
HOTEL5316,Rajpark,Superior,12-03-2019,2200,400,400,800,420,0,0,0,0
HOTEL5316,Rajpark,Superior,13-03-2019,2200,400,400,800,420,0,0,0,0
HOTEL5316,Rajpark,Superior,14-03-2019,2200,400,400,800,420,0,0,0,0
HOTEL5316,Rajpark,Superior,15-03-2019,2200,400,400,800,420,0,0,0,0
HOTEL5316,Rajpark,Superior,16-03-2019,2200,400,400,800,420,0,0,0,0
HOTEL5316,Rajpark,Superior,17-03-2019,2200,400,400,800,420,0,0,0,0
HOTEL5316,Rajpark,Superior,18-03-2019,2200,400,400,800,420,0,0,0,0
HOTEL5316,Rajpark,Superior,19-03-2019,2200,400,400,800,420,0,0,0,0
HOTEL5316,Rajpark,Superior,20-03-2019,2200,400,400,800,420,0,0,0,0
HOTEL5316,Rajpark,Superior,21-03-2019,2200,400,400,800,420,0,0,0,0
HOTEL5316,Rajpark,Superior,22-03-2019,2200,400,400,800,420,0,0,0,0
HOTEL5316,Rajpark,Superior,23-03-2019,2200,400,400,800,420,0,0,0,0
HOTEL5316,Rajpark,Superior,24-03-2019,2200,400,400,800,420,0,0,0,0
HOTEL5316,Rajpark,Superior,25-03-2019,2200,400,400,800,420,0,0,0,0
HOTEL5316,Rajpark,Superior,26-03-2019,2200,400,400,800,420,0,0,0,0
HOTEL5316,Rajpark,Superior,27-03-2019,2200,400,400,800,420,0,0,0,0
HOTEL5316,Rajpark,Superior,28-03-2019,2200,400,400,800,420,0,0,0,0
HOTEL5316,Rajpark,Superior,29-03-2019,2200,400,400,800,420,0,0,0,0
HOTEL5316,Rajpark,Superior,30-03-2019,2200,400,400,800,420,0,0,0,0
HOTEL5316,Rajpark,Superior,31-03-2019,2200,400,400,800,420,0,0,0,0
,,,,,,,,,,,,
HOTEL5316,Rajpark,Hill View Room,17-01-2019,3000,400,400,800,420,0,0,0,0
HOTEL5316,Rajpark,Hill View Room,18-01-2019,3000,400,400,800,420,0,0,0,0
HOTEL5316,Rajpark,Hill View Room,19-01-2019,3000,400,400,800,420,0,0,0,0
HOTEL5316,Rajpark,Hill View Room,20-01-2019,3000,400,400,800,420,0,0,0,0
HOTEL5316,Rajpark,Hill View Room,21-01-2019,3000,400,400,800,420,0,0,0,0
HOTEL5316,Rajpark,Hill View Room,22-01-2019,3000,400,400,800,420,0,0,0,0
HOTEL5316,Rajpark,Hill View Room,23-01-2019,3000,400,400,800,420,0,0,0,0
HOTEL5316,Rajpark,Hill View Room,24-01-2019,3000,400,400,800,420,0,0,0,0
HOTEL5316,Rajpark,Hill View Room,25-01-2019,3000,400,400,800,420,0,0,0,0
HOTEL5316,Rajpark,Hill View Room,26-01-2019,3000,400,400,800,420,0,0,0,0
HOTEL5316,Rajpark,Hill View Room,27-01-2019,3000,400,400,800,420,0,0,0,0
HOTEL5316,Rajpark,Hill View Room,28-01-2019,3000,400,400,800,420,0,0,0,0
HOTEL5316,Rajpark,Hill View Room,29-01-2019,3000,400,400,800,420,0,0,0,0
HOTEL5316,Rajpark,Hill View Room,30-01-2019,3000,400,400,800,420,0,0,0,0
HOTEL5316,Rajpark,Hill View Room,31-01-2019,3000,400,400,800,420,0,0,0,0
HOTEL5316,Rajpark,Hill View Room,01-02-2019,3000,400,400,800,420,0,0,0,0
HOTEL5316,Rajpark,Hill View Room,02-02-2019,3000,400,400,800,420,0,0,0,0
HOTEL5316,Rajpark,Hill View Room,03-02-2019,3000,400,400,800,420,0,0,0,0
HOTEL5316,Rajpark,Hill View Room,04-02-2019,3000,400,400,800,420,0,0,0,0
HOTEL5316,Rajpark,Hill View Room,05-02-2019,3000,400,400,800,420,0,0,0,0
HOTEL5316,Rajpark,Hill View Room,06-02-2019,3000,400,400,800,420,0,0,0,0
HOTEL5316,Rajpark,Hill View Room,07-02-2019,3000,400,400,800,420,0,0,0,0
HOTEL5316,Rajpark,Hill View Room,08-02-2019,3000,400,400,800,420,0,0,0,0
HOTEL5316,Rajpark,Hill View Room,09-02-2019,3000,400,400,800,420,0,0,0,0
HOTEL5316,Rajpark,Hill View Room,10-02-2019,3000,400,400,800,420,0,0,0,0
HOTEL5316,Rajpark,Hill View Room,11-02-2019,3000,400,400,800,420,0,0,0,0
HOTEL5316,Rajpark,Hill View Room,12-02-2019,3000,400,400,800,420,0,0,0,0
HOTEL5316,Rajpark,Hill View Room,13-02-2019,3000,400,400,800,420,0,0,0,0
HOTEL5316,Rajpark,Hill View Room,14-02-2019,3000,400,400,800,420,0,0,0,0
HOTEL5316,Rajpark,Hill View Room,15-02-2019,3000,400,400,800,420,0,0,0,0
HOTEL5316,Rajpark,Hill View Room,16-02-2019,3000,400,400,800,420,0,0,0,0
HOTEL5316,Rajpark,Hill View Room,17-02-2019,3000,400,400,800,420,0,0,0,0
HOTEL5316,Rajpark,Hill View Room,18-02-2019,3000,400,400,800,420,0,0,0,0
HOTEL5316,Rajpark,Hill View Room,19-02-2019,3000,400,400,800,420,0,0,0,0
HOTEL5316,Rajpark,Hill View Room,20-02-2019,3000,400,400,800,420,0,0,0,0
HOTEL5316,Rajpark,Hill View Room,21-02-2019,3000,400,400,800,420,0,0,0,0
HOTEL5316,Rajpark,Hill View Room,22-02-2019,3000,400,400,800,420,0,0,0,0
HOTEL5316,Rajpark,Hill View Room,23-02-2019,3000,400,400,800,420,0,0,0,0
HOTEL5316,Rajpark,Hill View Room,24-02-2019,3000,400,400,800,420,0,0,0,0
HOTEL5316,Rajpark,Hill View Room,25-02-2019,3000,400,400,800,420,0,0,0,0
HOTEL5316,Rajpark,Hill View Room,26-02-2019,3000,400,400,800,420,0,0,0,0
HOTEL5316,Rajpark,Hill View Room,27-02-2019,3000,400,400,800,420,0,0,0,0
HOTEL5316,Rajpark,Hill View Room,28-02-2019,3000,400,400,800,420,0,0,0,0
HOTEL5316,Rajpark,Hill View Room,01-03-2019,3000,400,400,800,420,0,0,0,0
HOTEL5316,Rajpark,Hill View Room,02-03-2019,3000,400,400,800,420,0,0,0,0
HOTEL5316,Rajpark,Hill View Room,03-03-2019,3000,400,400,800,420,0,0,0,0
HOTEL5316,Rajpark,Hill View Room,04-03-2019,3000,400,400,800,420,0,0,0,0
HOTEL5316,Rajpark,Hill View Room,05-03-2019,3000,400,400,800,420,0,0,0,0
HOTEL5316,Rajpark,Hill View Room,06-03-2019,3000,400,400,800,420,0,0,0,0
HOTEL5316,Rajpark,Hill View Room,07-03-2019,3000,400,400,800,420,0,0,0,0
HOTEL5316,Rajpark,Hill View Room,08-03-2019,3000,400,400,800,420,0,0,0,0
HOTEL5316,Rajpark,Hill View Room,09-03-2019,3000,400,400,800,420,0,0,0,0
HOTEL5316,Rajpark,Hill View Room,10-03-2019,3000,400,400,800,420,0,0,0,0
HOTEL5316,Rajpark,Hill View Room,11-03-2019,3000,400,400,800,420,0,0,0,0
HOTEL5316,Rajpark,Hill View Room,12-03-2019,3000,400,400,800,420,0,0,0,0
HOTEL5316,Rajpark,Hill View Room,13-03-2019,3000,400,400,800,420,0,0,0,0
HOTEL5316,Rajpark,Hill View Room,14-03-2019,3000,400,400,800,420,0,0,0,0
HOTEL5316,Rajpark,Hill View Room,15-03-2019,3000,400,400,800,420,0,0,0,0
HOTEL5316,Rajpark,Hill View Room,16-03-2019,3000,400,400,800,420,0,0,0,0
HOTEL5316,Rajpark,Hill View Room,17-03-2019,3000,400,400,800,420,0,0,0,0
HOTEL5316,Rajpark,Hill View Room,18-03-2019,3000,400,400,800,420,0,0,0,0
HOTEL5316,Rajpark,Hill View Room,19-03-2019,3000,400,400,800,420,0,0,0,0
HOTEL5316,Rajpark,Hill View Room,20-03-2019,3000,400,400,800,420,0,0,0,0
HOTEL5316,Rajpark,Hill View Room,21-03-2019,3000,400,400,800,420,0,0,0,0
HOTEL5316,Rajpark,Hill View Room,22-03-2019,3000,400,400,800,420,0,0,0,0
HOTEL5316,Rajpark,Hill View Room,23-03-2019,3000,400,400,800,420,0,0,0,0
HOTEL5316,Rajpark,Hill View Room,24-03-2019,3000,400,400,800,420,0,0,0,0
HOTEL5316,Rajpark,Hill View Room,25-03-2019,3000,400,400,800,420,0,0,0,0
HOTEL5316,Rajpark,Hill View Room,26-03-2019,3000,400,400,800,420,0,0,0,0
HOTEL5316,Rajpark,Hill View Room,27-03-2019,3000,400,400,800,420,0,0,0,0
HOTEL5316,Rajpark,Hill View Room,28-03-2019,3000,400,400,800,420,0,0,0,0
HOTEL5316,Rajpark,Hill View Room,29-03-2019,3000,400,400,800,420,0,0,0,0
HOTEL5316,Rajpark,Hill View Room,30-03-2019,3000,400,400,800,420,0,0,0,0
HOTEL5316,Rajpark,Hill View Room,31-03-2019,3000,400,400,800,420,0,0,0,0
,,,,,,,,,,,,
HOTEL5316,Rajpark,Family RoomX04Pax,17-01-2019,6000,400,400,800,420,0,0,0,0
HOTEL5316,Rajpark,Family RoomX04Pax,18-01-2019,6000,400,400,800,420,0,0,0,0
HOTEL5316,Rajpark,Family RoomX04Pax,19-01-2019,6000,400,400,800,420,0,0,0,0
HOTEL5316,Rajpark,Family RoomX04Pax,20-01-2019,6000,400,400,800,420,0,0,0,0
HOTEL5316,Rajpark,Family RoomX04Pax,21-01-2019,6000,400,400,800,420,0,0,0,0
HOTEL5316,Rajpark,Family RoomX04Pax,22-01-2019,6000,400,400,800,420,0,0,0,0
HOTEL5316,Rajpark,Family RoomX04Pax,23-01-2019,6000,400,400,800,420,0,0,0,0
HOTEL5316,Rajpark,Family RoomX04Pax,24-01-2019,6000,400,400,800,420,0,0,0,0
HOTEL5316,Rajpark,Family RoomX04Pax,25-01-2019,6000,400,400,800,420,0,0,0,0
HOTEL5316,Rajpark,Family RoomX04Pax,26-01-2019,6000,400,400,800,420,0,0,0,0
HOTEL5316,Rajpark,Family RoomX04Pax,27-01-2019,6000,400,400,800,420,0,0,0,0
HOTEL5316,Rajpark,Family RoomX04Pax,28-01-2019,6000,400,400,800,420,0,0,0,0
HOTEL5316,Rajpark,Family RoomX04Pax,29-01-2019,6000,400,400,800,420,0,0,0,0
HOTEL5316,Rajpark,Family RoomX04Pax,30-01-2019,6000,400,400,800,420,0,0,0,0
HOTEL5316,Rajpark,Family RoomX04Pax,31-01-2019,6000,400,400,800,420,0,0,0,0
HOTEL5316,Rajpark,Family RoomX04Pax,01-02-2019,6000,400,400,800,420,0,0,0,0
HOTEL5316,Rajpark,Family RoomX04Pax,02-02-2019,6000,400,400,800,420,0,0,0,0
HOTEL5316,Rajpark,Family RoomX04Pax,03-02-2019,6000,400,400,800,420,0,0,0,0
HOTEL5316,Rajpark,Family RoomX04Pax,04-02-2019,6000,400,400,800,420,0,0,0,0
HOTEL5316,Rajpark,Family RoomX04Pax,05-02-2019,6000,400,400,800,420,0,0,0,0
HOTEL5316,Rajpark,Family RoomX04Pax,06-02-2019,6000,400,400,800,420,0,0,0,0
HOTEL5316,Rajpark,Family RoomX04Pax,07-02-2019,6000,400,400,800,420,0,0,0,0
HOTEL5316,Rajpark,Family RoomX04Pax,08-02-2019,6000,400,400,800,420,0,0,0,0
HOTEL5316,Rajpark,Family RoomX04Pax,09-02-2019,6000,400,400,800,420,0,0,0,0
HOTEL5316,Rajpark,Family RoomX04Pax,10-02-2019,6000,400,400,800,420,0,0,0,0
HOTEL5316,Rajpark,Family RoomX04Pax,11-02-2019,6000,400,400,800,420,0,0,0,0
HOTEL5316,Rajpark,Family RoomX04Pax,12-02-2019,6000,400,400,800,420,0,0,0,0
HOTEL5316,Rajpark,Family RoomX04Pax,13-02-2019,6000,400,400,800,420,0,0,0,0
HOTEL5316,Rajpark,Family RoomX04Pax,14-02-2019,6000,400,400,800,420,0,0,0,0
HOTEL5316,Rajpark,Family RoomX04Pax,15-02-2019,6000,400,400,800,420,0,0,0,0
HOTEL5316,Rajpark,Family RoomX04Pax,16-02-2019,6000,400,400,800,420,0,0,0,0
HOTEL5316,Rajpark,Family RoomX04Pax,17-02-2019,6000,400,400,800,420,0,0,0,0
HOTEL5316,Rajpark,Family RoomX04Pax,18-02-2019,6000,400,400,800,420,0,0,0,0
HOTEL5316,Rajpark,Family RoomX04Pax,19-02-2019,6000,400,400,800,420,0,0,0,0
HOTEL5316,Rajpark,Family RoomX04Pax,20-02-2019,6000,400,400,800,420,0,0,0,0
HOTEL5316,Rajpark,Family RoomX04Pax,21-02-2019,6000,400,400,800,420,0,0,0,0
HOTEL5316,Rajpark,Family RoomX04Pax,22-02-2019,6000,400,400,800,420,0,0,0,0
HOTEL5316,Rajpark,Family RoomX04Pax,23-02-2019,6000,400,400,800,420,0,0,0,0
HOTEL5316,Rajpark,Family RoomX04Pax,24-02-2019,6000,400,400,800,420,0,0,0,0
HOTEL5316,Rajpark,Family RoomX04Pax,25-02-2019,6000,400,400,800,420,0,0,0,0
HOTEL5316,Rajpark,Family RoomX04Pax,26-02-2019,6000,400,400,800,420,0,0,0,0
HOTEL5316,Rajpark,Family RoomX04Pax,27-02-2019,6000,400,400,800,420,0,0,0,0
HOTEL5316,Rajpark,Family RoomX04Pax,28-02-2019,6000,400,400,800,420,0,0,0,0
HOTEL5316,Rajpark,Family RoomX04Pax,01-03-2019,6000,400,400,800,420,0,0,0,0
HOTEL5316,Rajpark,Family RoomX04Pax,02-03-2019,6000,400,400,800,420,0,0,0,0
HOTEL5316,Rajpark,Family RoomX04Pax,03-03-2019,6000,400,400,800,420,0,0,0,0
HOTEL5316,Rajpark,Family RoomX04Pax,04-03-2019,6000,400,400,800,420,0,0,0,0
HOTEL5316,Rajpark,Family RoomX04Pax,05-03-2019,6000,400,400,800,420,0,0,0,0
HOTEL5316,Rajpark,Family RoomX04Pax,06-03-2019,6000,400,400,800,420,0,0,0,0
HOTEL5316,Rajpark,Family RoomX04Pax,07-03-2019,6000,400,400,800,420,0,0,0,0
HOTEL5316,Rajpark,Family RoomX04Pax,08-03-2019,6000,400,400,800,420,0,0,0,0
HOTEL5316,Rajpark,Family RoomX04Pax,09-03-2019,6000,400,400,800,420,0,0,0,0
HOTEL5316,Rajpark,Family RoomX04Pax,10-03-2019,6000,400,400,800,420,0,0,0,0
HOTEL5316,Rajpark,Family RoomX04Pax,11-03-2019,6000,400,400,800,420,0,0,0,0
HOTEL5316,Rajpark,Family RoomX04Pax,12-03-2019,6000,400,400,800,420,0,0,0,0
HOTEL5316,Rajpark,Family RoomX04Pax,13-03-2019,6000,400,400,800,420,0,0,0,0
HOTEL5316,Rajpark,Family RoomX04Pax,14-03-2019,6000,400,400,800,420,0,0,0,0
HOTEL5316,Rajpark,Family RoomX04Pax,15-03-2019,6000,400,400,800,420,0,0,0,0
HOTEL5316,Rajpark,Family RoomX04Pax,16-03-2019,6000,400,400,800,420,0,0,0,0
HOTEL5316,Rajpark,Family RoomX04Pax,17-03-2019,6000,400,400,800,420,0,0,0,0
HOTEL5316,Rajpark,Family RoomX04Pax,18-03-2019,6000,400,400,800,420,0,0,0,0
HOTEL5316,Rajpark,Family RoomX04Pax,19-03-2019,6000,400,400,800,420,0,0,0,0
HOTEL5316,Rajpark,Family RoomX04Pax,20-03-2019,6000,400,400,800,420,0,0,0,0
HOTEL5316,Rajpark,Family RoomX04Pax,21-03-2019,6000,400,400,800,420,0,0,0,0
HOTEL5316,Rajpark,Family RoomX04Pax,22-03-2019,6000,400,400,800,420,0,0,0,0
HOTEL5316,Rajpark,Family RoomX04Pax,23-03-2019,6000,400,400,800,420,0,0,0,0
HOTEL5316,Rajpark,Family RoomX04Pax,24-03-2019,6000,400,400,800,420,0,0,0,0
HOTEL5316,Rajpark,Family RoomX04Pax,25-03-2019,6000,400,400,800,420,0,0,0,0
HOTEL5316,Rajpark,Family RoomX04Pax,26-03-2019,6000,400,400,800,420,0,0,0,0
HOTEL5316,Rajpark,Family RoomX04Pax,27-03-2019,6000,400,400,800,420,0,0,0,0
HOTEL5316,Rajpark,Family RoomX04Pax,28-03-2019,6000,400,400,800,420,0,0,0,0
HOTEL5316,Rajpark,Family RoomX04Pax,29-03-2019,6000,400,400,800,420,0,0,0,0
HOTEL5316,Rajpark,Family RoomX04Pax,30-03-2019,6000,400,400,800,420,0,0,0,0
HOTEL5316,Rajpark,Family RoomX04Pax,31-03-2019,6000,400,400,800,420,0,0,0,0
,,,,,,,,,,,,
HOTEL5393,Minerva Grand,Premium ,31-03-2018,2900,500,500,840,504,0,0,0,0
,,,,,,,,,,,,
HOTEL5393,Minerva Grand,Imperial Room,31-03-2018,3500,500,500,840,504,0,0,0,0
,,,,,,,,,,,,
HOTEL5393,Minerva Grand,Family grand Suite,31-03-2018,6500,500,500,840,504,0,0,0,0
,,,,,,,,,,,,
HOTEL5319,PLR Kandy,Standard ,31-03-2018,1800,400,400,700,360,0,0,0,0
,,,,,,,,,,,,
HOTEL5319,PLR Kandy,Club Double,31-03-2018,2250,400,400,700,360,0,0,0,0
,,,,,,,,,,,,
HOTEL5320,Marasa Sarovar Premiere,Deluxe,18-01-2019,4500,800,800,1000,600,0,0,0,0
HOTEL5320,Marasa Sarovar Premiere,Deluxe,19-01-2019,4500,800,800,1000,600,0,0,0,0
HOTEL5320,Marasa Sarovar Premiere,Deluxe,20-01-2019,4500,800,800,1000,600,0,0,0,0
HOTEL5320,Marasa Sarovar Premiere,Deluxe,21-01-2019,4500,800,800,1000,600,0,0,0,0
HOTEL5320,Marasa Sarovar Premiere,Deluxe,22-01-2019,4500,800,800,1000,600,0,0,0,0
HOTEL5320,Marasa Sarovar Premiere,Deluxe,23-01-2019,4500,800,800,1000,600,0,0,0,0
HOTEL5320,Marasa Sarovar Premiere,Deluxe,24-01-2019,4500,800,800,1000,600,0,0,0,0
HOTEL5320,Marasa Sarovar Premiere,Deluxe,25-01-2019,4500,800,800,1000,600,0,0,0,0
HOTEL5320,Marasa Sarovar Premiere,Deluxe,26-01-2019,4500,800,800,1000,600,0,0,0,0
HOTEL5320,Marasa Sarovar Premiere,Deluxe,27-01-2019,4500,800,800,1000,600,0,0,0,0
HOTEL5320,Marasa Sarovar Premiere,Deluxe,28-01-2019,4500,800,800,1000,600,0,0,0,0
HOTEL5320,Marasa Sarovar Premiere,Deluxe,29-01-2019,4500,800,800,1000,600,0,0,0,0
HOTEL5320,Marasa Sarovar Premiere,Deluxe,30-01-2019,4500,800,800,1000,600,0,0,0,0
HOTEL5320,Marasa Sarovar Premiere,Deluxe,31-01-2019,4500,800,800,1000,600,0,0,0,0
HOTEL5320,Marasa Sarovar Premiere,Deluxe,01-02-2019,4500,800,800,1000,600,0,0,0,0
HOTEL5320,Marasa Sarovar Premiere,Deluxe,02-02-2019,4500,800,800,1000,600,0,0,0,0
HOTEL5320,Marasa Sarovar Premiere,Deluxe,03-02-2019,4500,800,800,1000,600,0,0,0,0
HOTEL5320,Marasa Sarovar Premiere,Deluxe,04-02-2019,4500,800,800,1000,600,0,0,0,0
HOTEL5320,Marasa Sarovar Premiere,Deluxe,05-02-2019,4500,800,800,1000,600,0,0,0,0
HOTEL5320,Marasa Sarovar Premiere,Deluxe,06-02-2019,4500,800,800,1000,600,0,0,0,0
HOTEL5320,Marasa Sarovar Premiere,Deluxe,07-02-2019,4500,800,800,1000,600,0,0,0,0
HOTEL5320,Marasa Sarovar Premiere,Deluxe,08-02-2019,4500,800,800,1000,600,0,0,0,0
HOTEL5320,Marasa Sarovar Premiere,Deluxe,09-02-2019,4500,800,800,1000,600,0,0,0,0
HOTEL5320,Marasa Sarovar Premiere,Deluxe,10-02-2019,4500,800,800,1000,600,0,0,0,0
HOTEL5320,Marasa Sarovar Premiere,Deluxe,11-02-2019,4500,800,800,1000,600,0,0,0,0
HOTEL5320,Marasa Sarovar Premiere,Deluxe,12-02-2019,4500,800,800,1000,600,0,0,0,0
HOTEL5320,Marasa Sarovar Premiere,Deluxe,13-02-2019,4500,800,800,1000,600,0,0,0,0
HOTEL5320,Marasa Sarovar Premiere,Deluxe,14-02-2019,4500,800,800,1000,600,0,0,0,0
HOTEL5320,Marasa Sarovar Premiere,Deluxe,15-02-2019,4500,800,800,1000,600,0,0,0,0
HOTEL5320,Marasa Sarovar Premiere,Deluxe,16-02-2019,4500,800,800,1000,600,0,0,0,0
HOTEL5320,Marasa Sarovar Premiere,Deluxe,17-02-2019,4500,800,800,1000,600,0,0,0,0
HOTEL5320,Marasa Sarovar Premiere,Deluxe,18-02-2019,4500,800,800,1000,600,0,0,0,0
HOTEL5320,Marasa Sarovar Premiere,Deluxe,19-02-2019,4500,800,800,1000,600,0,0,0,0
HOTEL5320,Marasa Sarovar Premiere,Deluxe,20-02-2019,4500,800,800,1000,600,0,0,0,0
HOTEL5320,Marasa Sarovar Premiere,Deluxe,21-02-2019,4500,800,800,1000,600,0,0,0,0
HOTEL5320,Marasa Sarovar Premiere,Deluxe,22-02-2019,4500,800,800,1000,600,0,0,0,0
HOTEL5320,Marasa Sarovar Premiere,Deluxe,23-02-2019,4500,800,800,1000,600,0,0,0,0
HOTEL5320,Marasa Sarovar Premiere,Deluxe,24-02-2019,4500,800,800,1000,600,0,0,0,0
HOTEL5320,Marasa Sarovar Premiere,Deluxe,25-02-2019,4500,800,800,1000,600,0,0,0,0
HOTEL5320,Marasa Sarovar Premiere,Deluxe,26-02-2019,4500,800,800,1000,600,0,0,0,0
HOTEL5320,Marasa Sarovar Premiere,Deluxe,27-02-2019,4500,800,800,1000,600,0,0,0,0
HOTEL5320,Marasa Sarovar Premiere,Deluxe,28-02-2019,4500,800,800,1000,600,0,0,0,0
HOTEL5320,Marasa Sarovar Premiere,Deluxe,01-03-2019,4500,800,800,1000,600,0,0,0,0
HOTEL5320,Marasa Sarovar Premiere,Deluxe,02-03-2019,4500,800,800,1000,600,0,0,0,0
HOTEL5320,Marasa Sarovar Premiere,Deluxe,03-03-2019,4500,800,800,1000,600,0,0,0,0
HOTEL5320,Marasa Sarovar Premiere,Deluxe,04-03-2019,4500,800,800,1000,600,0,0,0,0
HOTEL5320,Marasa Sarovar Premiere,Deluxe,05-03-2019,4500,800,800,1000,600,0,0,0,0
HOTEL5320,Marasa Sarovar Premiere,Deluxe,06-03-2019,4500,800,800,1000,600,0,0,0,0
HOTEL5320,Marasa Sarovar Premiere,Deluxe,07-03-2019,4500,800,800,1000,600,0,0,0,0
HOTEL5320,Marasa Sarovar Premiere,Deluxe,08-03-2019,4500,800,800,1000,600,0,0,0,0
HOTEL5320,Marasa Sarovar Premiere,Deluxe,09-03-2019,4500,800,800,1000,600,0,0,0,0
HOTEL5320,Marasa Sarovar Premiere,Deluxe,10-03-2019,4500,800,800,1000,600,0,0,0,0
HOTEL5320,Marasa Sarovar Premiere,Deluxe,11-03-2019,4500,800,800,1000,600,0,0,0,0
HOTEL5320,Marasa Sarovar Premiere,Deluxe,12-03-2019,4500,800,800,1000,600,0,0,0,0
HOTEL5320,Marasa Sarovar Premiere,Deluxe,13-03-2019,4500,800,800,1000,600,0,0,0,0
HOTEL5320,Marasa Sarovar Premiere,Deluxe,14-03-2019,4500,800,800,1000,600,0,0,0,0
HOTEL5320,Marasa Sarovar Premiere,Deluxe,15-03-2019,4500,800,800,1000,600,0,0,0,0
HOTEL5320,Marasa Sarovar Premiere,Deluxe,16-03-2019,4500,800,800,1000,600,0,0,0,0
HOTEL5320,Marasa Sarovar Premiere,Deluxe,17-03-2019,4500,800,800,1000,600,0,0,0,0
HOTEL5320,Marasa Sarovar Premiere,Deluxe,18-03-2019,4500,800,800,1000,600,0,0,0,0
HOTEL5320,Marasa Sarovar Premiere,Deluxe,19-03-2019,4500,800,800,1000,600,0,0,0,0
HOTEL5320,Marasa Sarovar Premiere,Deluxe,20-03-2019,4500,800,800,1000,600,0,0,0,0
HOTEL5320,Marasa Sarovar Premiere,Deluxe,21-03-2019,4500,800,800,1000,600,0,0,0,0
HOTEL5320,Marasa Sarovar Premiere,Deluxe,22-03-2019,4500,800,800,1000,600,0,0,0,0
HOTEL5320,Marasa Sarovar Premiere,Deluxe,23-03-2019,4500,800,800,1000,600,0,0,0,0
HOTEL5320,Marasa Sarovar Premiere,Deluxe,24-03-2019,4500,800,800,1000,600,0,0,0,0
HOTEL5320,Marasa Sarovar Premiere,Deluxe,25-03-2019,4500,800,800,1000,600,0,0,0,0
HOTEL5320,Marasa Sarovar Premiere,Deluxe,26-03-2019,4500,800,800,1000,600,0,0,0,0
HOTEL5320,Marasa Sarovar Premiere,Deluxe,27-03-2019,4500,800,800,1000,600,0,0,0,0
HOTEL5320,Marasa Sarovar Premiere,Deluxe,28-03-2019,4500,800,800,1000,600,0,0,0,0
HOTEL5320,Marasa Sarovar Premiere,Deluxe,29-03-2019,4500,800,800,1000,600,0,0,0,0
HOTEL5320,Marasa Sarovar Premiere,Deluxe,30-03-2019,4500,800,800,1000,600,0,0,0,0
HOTEL5320,Marasa Sarovar Premiere,Deluxe,31-03-2019,4500,800,800,1000,600,0,0,0,0
,,,,,,,,,,,,
HOTEL5320,Marasa Sarovar Premiere,Premiere,18-01-2019,5000,800,800,1000,600,0,0,0,0
HOTEL5320,Marasa Sarovar Premiere,Premiere,19-01-2019,5000,800,800,1000,600,0,0,0,0
HOTEL5320,Marasa Sarovar Premiere,Premiere,20-01-2019,5000,800,800,1000,600,0,0,0,0
HOTEL5320,Marasa Sarovar Premiere,Premiere,21-01-2019,5000,800,800,1000,600,0,0,0,0
HOTEL5320,Marasa Sarovar Premiere,Premiere,22-01-2019,5000,800,800,1000,600,0,0,0,0
HOTEL5320,Marasa Sarovar Premiere,Premiere,23-01-2019,5000,800,800,1000,600,0,0,0,0
HOTEL5320,Marasa Sarovar Premiere,Premiere,24-01-2019,5000,800,800,1000,600,0,0,0,0
HOTEL5320,Marasa Sarovar Premiere,Premiere,25-01-2019,5000,800,800,1000,600,0,0,0,0
HOTEL5320,Marasa Sarovar Premiere,Premiere,26-01-2019,5000,800,800,1000,600,0,0,0,0
HOTEL5320,Marasa Sarovar Premiere,Premiere,27-01-2019,5000,800,800,1000,600,0,0,0,0
HOTEL5320,Marasa Sarovar Premiere,Premiere,28-01-2019,5000,800,800,1000,600,0,0,0,0
HOTEL5320,Marasa Sarovar Premiere,Premiere,29-01-2019,5000,800,800,1000,600,0,0,0,0
HOTEL5320,Marasa Sarovar Premiere,Premiere,30-01-2019,5000,800,800,1000,600,0,0,0,0
HOTEL5320,Marasa Sarovar Premiere,Premiere,31-01-2019,5000,800,800,1000,600,0,0,0,0
HOTEL5320,Marasa Sarovar Premiere,Premiere,01-02-2019,5000,800,800,1000,600,0,0,0,0
HOTEL5320,Marasa Sarovar Premiere,Premiere,02-02-2019,5000,800,800,1000,600,0,0,0,0
HOTEL5320,Marasa Sarovar Premiere,Premiere,03-02-2019,5000,800,800,1000,600,0,0,0,0
HOTEL5320,Marasa Sarovar Premiere,Premiere,04-02-2019,5000,800,800,1000,600,0,0,0,0
HOTEL5320,Marasa Sarovar Premiere,Premiere,05-02-2019,5000,800,800,1000,600,0,0,0,0
HOTEL5320,Marasa Sarovar Premiere,Premiere,06-02-2019,5000,800,800,1000,600,0,0,0,0
HOTEL5320,Marasa Sarovar Premiere,Premiere,07-02-2019,5000,800,800,1000,600,0,0,0,0
HOTEL5320,Marasa Sarovar Premiere,Premiere,08-02-2019,5000,800,800,1000,600,0,0,0,0
HOTEL5320,Marasa Sarovar Premiere,Premiere,09-02-2019,5000,800,800,1000,600,0,0,0,0
HOTEL5320,Marasa Sarovar Premiere,Premiere,10-02-2019,5000,800,800,1000,600,0,0,0,0
HOTEL5320,Marasa Sarovar Premiere,Premiere,11-02-2019,5000,800,800,1000,600,0,0,0,0
HOTEL5320,Marasa Sarovar Premiere,Premiere,12-02-2019,5000,800,800,1000,600,0,0,0,0
HOTEL5320,Marasa Sarovar Premiere,Premiere,13-02-2019,5000,800,800,1000,600,0,0,0,0
HOTEL5320,Marasa Sarovar Premiere,Premiere,14-02-2019,5000,800,800,1000,600,0,0,0,0
HOTEL5320,Marasa Sarovar Premiere,Premiere,15-02-2019,5000,800,800,1000,600,0,0,0,0
HOTEL5320,Marasa Sarovar Premiere,Premiere,16-02-2019,5000,800,800,1000,600,0,0,0,0
HOTEL5320,Marasa Sarovar Premiere,Premiere,17-02-2019,5000,800,800,1000,600,0,0,0,0
HOTEL5320,Marasa Sarovar Premiere,Premiere,18-02-2019,5000,800,800,1000,600,0,0,0,0
HOTEL5320,Marasa Sarovar Premiere,Premiere,19-02-2019,5000,800,800,1000,600,0,0,0,0
HOTEL5320,Marasa Sarovar Premiere,Premiere,20-02-2019,5000,800,800,1000,600,0,0,0,0
HOTEL5320,Marasa Sarovar Premiere,Premiere,21-02-2019,5000,800,800,1000,600,0,0,0,0
HOTEL5320,Marasa Sarovar Premiere,Premiere,22-02-2019,5000,800,800,1000,600,0,0,0,0
HOTEL5320,Marasa Sarovar Premiere,Premiere,23-02-2019,5000,800,800,1000,600,0,0,0,0
HOTEL5320,Marasa Sarovar Premiere,Premiere,24-02-2019,5000,800,800,1000,600,0,0,0,0
HOTEL5320,Marasa Sarovar Premiere,Premiere,25-02-2019,5000,800,800,1000,600,0,0,0,0
HOTEL5320,Marasa Sarovar Premiere,Premiere,26-02-2019,5000,800,800,1000,600,0,0,0,0
HOTEL5320,Marasa Sarovar Premiere,Premiere,27-02-2019,5000,800,800,1000,600,0,0,0,0
HOTEL5320,Marasa Sarovar Premiere,Premiere,28-02-2019,5000,800,800,1000,600,0,0,0,0
HOTEL5320,Marasa Sarovar Premiere,Premiere,01-03-2019,5000,800,800,1000,600,0,0,0,0
HOTEL5320,Marasa Sarovar Premiere,Premiere,02-03-2019,5000,800,800,1000,600,0,0,0,0
HOTEL5320,Marasa Sarovar Premiere,Premiere,03-03-2019,5000,800,800,1000,600,0,0,0,0
HOTEL5320,Marasa Sarovar Premiere,Premiere,04-03-2019,5000,800,800,1000,600,0,0,0,0
HOTEL5320,Marasa Sarovar Premiere,Premiere,05-03-2019,5000,800,800,1000,600,0,0,0,0
HOTEL5320,Marasa Sarovar Premiere,Premiere,06-03-2019,5000,800,800,1000,600,0,0,0,0
HOTEL5320,Marasa Sarovar Premiere,Premiere,07-03-2019,5000,800,800,1000,600,0,0,0,0
HOTEL5320,Marasa Sarovar Premiere,Premiere,08-03-2019,5000,800,800,1000,600,0,0,0,0
HOTEL5320,Marasa Sarovar Premiere,Premiere,09-03-2019,5000,800,800,1000,600,0,0,0,0
HOTEL5320,Marasa Sarovar Premiere,Premiere,10-03-2019,5000,800,800,1000,600,0,0,0,0
HOTEL5320,Marasa Sarovar Premiere,Premiere,11-03-2019,5000,800,800,1000,600,0,0,0,0
HOTEL5320,Marasa Sarovar Premiere,Premiere,12-03-2019,5000,800,800,1000,600,0,0,0,0
HOTEL5320,Marasa Sarovar Premiere,Premiere,13-03-2019,5000,800,800,1000,600,0,0,0,0
HOTEL5320,Marasa Sarovar Premiere,Premiere,14-03-2019,5000,800,800,1000,600,0,0,0,0
HOTEL5320,Marasa Sarovar Premiere,Premiere,15-03-2019,5000,800,800,1000,600,0,0,0,0
HOTEL5320,Marasa Sarovar Premiere,Premiere,16-03-2019,5000,800,800,1000,600,0,0,0,0
HOTEL5320,Marasa Sarovar Premiere,Premiere,17-03-2019,5000,800,800,1000,600,0,0,0,0
HOTEL5320,Marasa Sarovar Premiere,Premiere,18-03-2019,5000,800,800,1000,600,0,0,0,0
HOTEL5320,Marasa Sarovar Premiere,Premiere,19-03-2019,5000,800,800,1000,600,0,0,0,0
HOTEL5320,Marasa Sarovar Premiere,Premiere,20-03-2019,5000,800,800,1000,600,0,0,0,0
HOTEL5320,Marasa Sarovar Premiere,Premiere,21-03-2019,5000,800,800,1000,600,0,0,0,0
HOTEL5320,Marasa Sarovar Premiere,Premiere,22-03-2019,5000,800,800,1000,600,0,0,0,0
HOTEL5320,Marasa Sarovar Premiere,Premiere,23-03-2019,5000,800,800,1000,600,0,0,0,0
HOTEL5320,Marasa Sarovar Premiere,Premiere,24-03-2019,5000,800,800,1000,600,0,0,0,0
HOTEL5320,Marasa Sarovar Premiere,Premiere,25-03-2019,5000,800,800,1000,600,0,0,0,0
HOTEL5320,Marasa Sarovar Premiere,Premiere,26-03-2019,5000,800,800,1000,600,0,0,0,0
HOTEL5320,Marasa Sarovar Premiere,Premiere,27-03-2019,5000,800,800,1000,600,0,0,0,0
HOTEL5320,Marasa Sarovar Premiere,Premiere,28-03-2019,5000,800,800,1000,600,0,0,0,0
HOTEL5320,Marasa Sarovar Premiere,Premiere,29-03-2019,5000,800,800,1000,600,0,0,0,0
HOTEL5320,Marasa Sarovar Premiere,Premiere,30-03-2019,5000,800,800,1000,600,0,0,0,0
HOTEL5320,Marasa Sarovar Premiere,Premiere,31-03-2019,5000,800,800,1000,600,0,0,0,0
,,,,,,,,,,,,
HOTEL5320,Marasa Sarovar Premiere,Suite,18-01-2019,6500,800,800,1000,600,0,0,0,0
HOTEL5320,Marasa Sarovar Premiere,Suite,19-01-2019,6500,800,800,1000,600,0,0,0,0
HOTEL5320,Marasa Sarovar Premiere,Suite,20-01-2019,6500,800,800,1000,600,0,0,0,0
HOTEL5320,Marasa Sarovar Premiere,Suite,21-01-2019,6500,800,800,1000,600,0,0,0,0
HOTEL5320,Marasa Sarovar Premiere,Suite,22-01-2019,6500,800,800,1000,600,0,0,0,0
HOTEL5320,Marasa Sarovar Premiere,Suite,23-01-2019,6500,800,800,1000,600,0,0,0,0
HOTEL5320,Marasa Sarovar Premiere,Suite,24-01-2019,6500,800,800,1000,600,0,0,0,0
HOTEL5320,Marasa Sarovar Premiere,Suite,25-01-2019,6500,800,800,1000,600,0,0,0,0
HOTEL5320,Marasa Sarovar Premiere,Suite,26-01-2019,6500,800,800,1000,600,0,0,0,0
HOTEL5320,Marasa Sarovar Premiere,Suite,27-01-2019,6500,800,800,1000,600,0,0,0,0
HOTEL5320,Marasa Sarovar Premiere,Suite,28-01-2019,6500,800,800,1000,600,0,0,0,0
HOTEL5320,Marasa Sarovar Premiere,Suite,29-01-2019,6500,800,800,1000,600,0,0,0,0
HOTEL5320,Marasa Sarovar Premiere,Suite,30-01-2019,6500,800,800,1000,600,0,0,0,0
HOTEL5320,Marasa Sarovar Premiere,Suite,31-01-2019,6500,800,800,1000,600,0,0,0,0
HOTEL5320,Marasa Sarovar Premiere,Suite,01-02-2019,6500,800,800,1000,600,0,0,0,0
HOTEL5320,Marasa Sarovar Premiere,Suite,02-02-2019,6500,800,800,1000,600,0,0,0,0
HOTEL5320,Marasa Sarovar Premiere,Suite,03-02-2019,6500,800,800,1000,600,0,0,0,0
HOTEL5320,Marasa Sarovar Premiere,Suite,04-02-2019,6500,800,800,1000,600,0,0,0,0
HOTEL5320,Marasa Sarovar Premiere,Suite,05-02-2019,6500,800,800,1000,600,0,0,0,0
HOTEL5320,Marasa Sarovar Premiere,Suite,06-02-2019,6500,800,800,1000,600,0,0,0,0
HOTEL5320,Marasa Sarovar Premiere,Suite,07-02-2019,6500,800,800,1000,600,0,0,0,0
HOTEL5320,Marasa Sarovar Premiere,Suite,08-02-2019,6500,800,800,1000,600,0,0,0,0
HOTEL5320,Marasa Sarovar Premiere,Suite,09-02-2019,6500,800,800,1000,600,0,0,0,0
HOTEL5320,Marasa Sarovar Premiere,Suite,10-02-2019,6500,800,800,1000,600,0,0,0,0
HOTEL5320,Marasa Sarovar Premiere,Suite,11-02-2019,6500,800,800,1000,600,0,0,0,0
HOTEL5320,Marasa Sarovar Premiere,Suite,12-02-2019,6500,800,800,1000,600,0,0,0,0
HOTEL5320,Marasa Sarovar Premiere,Suite,13-02-2019,6500,800,800,1000,600,0,0,0,0
HOTEL5320,Marasa Sarovar Premiere,Suite,14-02-2019,6500,800,800,1000,600,0,0,0,0
HOTEL5320,Marasa Sarovar Premiere,Suite,15-02-2019,6500,800,800,1000,600,0,0,0,0
HOTEL5320,Marasa Sarovar Premiere,Suite,16-02-2019,6500,800,800,1000,600,0,0,0,0
HOTEL5320,Marasa Sarovar Premiere,Suite,17-02-2019,6500,800,800,1000,600,0,0,0,0
HOTEL5320,Marasa Sarovar Premiere,Suite,18-02-2019,6500,800,800,1000,600,0,0,0,0
HOTEL5320,Marasa Sarovar Premiere,Suite,19-02-2019,6500,800,800,1000,600,0,0,0,0
HOTEL5320,Marasa Sarovar Premiere,Suite,20-02-2019,6500,800,800,1000,600,0,0,0,0
HOTEL5320,Marasa Sarovar Premiere,Suite,21-02-2019,6500,800,800,1000,600,0,0,0,0
HOTEL5320,Marasa Sarovar Premiere,Suite,22-02-2019,6500,800,800,1000,600,0,0,0,0
HOTEL5320,Marasa Sarovar Premiere,Suite,23-02-2019,6500,800,800,1000,600,0,0,0,0
HOTEL5320,Marasa Sarovar Premiere,Suite,24-02-2019,6500,800,800,1000,600,0,0,0,0
HOTEL5320,Marasa Sarovar Premiere,Suite,25-02-2019,6500,800,800,1000,600,0,0,0,0
HOTEL5320,Marasa Sarovar Premiere,Suite,26-02-2019,6500,800,800,1000,600,0,0,0,0
HOTEL5320,Marasa Sarovar Premiere,Suite,27-02-2019,6500,800,800,1000,600,0,0,0,0
HOTEL5320,Marasa Sarovar Premiere,Suite,28-02-2019,6500,800,800,1000,600,0,0,0,0
HOTEL5320,Marasa Sarovar Premiere,Suite,01-03-2019,6500,800,800,1000,600,0,0,0,0
HOTEL5320,Marasa Sarovar Premiere,Suite,02-03-2019,6500,800,800,1000,600,0,0,0,0
HOTEL5320,Marasa Sarovar Premiere,Suite,03-03-2019,6500,800,800,1000,600,0,0,0,0
HOTEL5320,Marasa Sarovar Premiere,Suite,04-03-2019,6500,800,800,1000,600,0,0,0,0
HOTEL5320,Marasa Sarovar Premiere,Suite,05-03-2019,6500,800,800,1000,600,0,0,0,0
HOTEL5320,Marasa Sarovar Premiere,Suite,06-03-2019,6500,800,800,1000,600,0,0,0,0
HOTEL5320,Marasa Sarovar Premiere,Suite,07-03-2019,6500,800,800,1000,600,0,0,0,0
HOTEL5320,Marasa Sarovar Premiere,Suite,08-03-2019,6500,800,800,1000,600,0,0,0,0
HOTEL5320,Marasa Sarovar Premiere,Suite,09-03-2019,6500,800,800,1000,600,0,0,0,0
HOTEL5320,Marasa Sarovar Premiere,Suite,10-03-2019,6500,800,800,1000,600,0,0,0,0
HOTEL5320,Marasa Sarovar Premiere,Suite,11-03-2019,6500,800,800,1000,600,0,0,0,0
HOTEL5320,Marasa Sarovar Premiere,Suite,12-03-2019,6500,800,800,1000,600,0,0,0,0
HOTEL5320,Marasa Sarovar Premiere,Suite,13-03-2019,6500,800,800,1000,600,0,0,0,0
HOTEL5320,Marasa Sarovar Premiere,Suite,14-03-2019,6500,800,800,1000,600,0,0,0,0
HOTEL5320,Marasa Sarovar Premiere,Suite,15-03-2019,6500,800,800,1000,600,0,0,0,0
HOTEL5320,Marasa Sarovar Premiere,Suite,16-03-2019,6500,800,800,1000,600,0,0,0,0
HOTEL5320,Marasa Sarovar Premiere,Suite,17-03-2019,6500,800,800,1000,600,0,0,0,0
HOTEL5320,Marasa Sarovar Premiere,Suite,18-03-2019,6500,800,800,1000,600,0,0,0,0
HOTEL5320,Marasa Sarovar Premiere,Suite,19-03-2019,6500,800,800,1000,600,0,0,0,0
HOTEL5320,Marasa Sarovar Premiere,Suite,20-03-2019,6500,800,800,1000,600,0,0,0,0
HOTEL5320,Marasa Sarovar Premiere,Suite,21-03-2019,6500,800,800,1000,600,0,0,0,0
HOTEL5320,Marasa Sarovar Premiere,Suite,22-03-2019,6500,800,800,1000,600,0,0,0,0
HOTEL5320,Marasa Sarovar Premiere,Suite,23-03-2019,6500,800,800,1000,600,0,0,0,0
HOTEL5320,Marasa Sarovar Premiere,Suite,24-03-2019,6500,800,800,1000,600,0,0,0,0
HOTEL5320,Marasa Sarovar Premiere,Suite,25-03-2019,6500,800,800,1000,600,0,0,0,0
HOTEL5320,Marasa Sarovar Premiere,Suite,26-03-2019,6500,800,800,1000,600,0,0,0,0
HOTEL5320,Marasa Sarovar Premiere,Suite,27-03-2019,6500,800,800,1000,600,0,0,0,0
HOTEL5320,Marasa Sarovar Premiere,Suite,28-03-2019,6500,800,800,1000,600,0,0,0,0
HOTEL5320,Marasa Sarovar Premiere,Suite,29-03-2019,6500,800,800,1000,600,0,0,0,0
HOTEL5320,Marasa Sarovar Premiere,Suite,30-03-2019,6500,800,800,1000,600,0,0,0,0
HOTEL5320,Marasa Sarovar Premiere,Suite,31-03-2019,6500,800,800,1000,600,0,0,0,0
,,,,,,,,,,,,
HOTEL5548,Bliss International,Executive,31-12-2017,2700,350,350,800,480,0,0,0,0
,,,,,,,,,,,,
HOTEL5315,Fortune Kences,Standard ,30-09-2018,3300,500,500,1000,600,0,0,0,0
,,,,,,,,,,,,
HOTEL5315,Fortune Kences,Fortune Club,30-09-2018,4500,500,500,1000,600,0,0,0,0
,,,,,,,,,,,,
HOTEL5317,Fortune Grand Ridge,Standard ,30-09-2018,4200,900,900,1250,750,0,0,0,0
,,,,,,,,,,,,
HOTEL5317,Fortune Grand Ridge,Fortune Club,30-09-2018,5200,900,900,1250,750,0,0,0,0
,,,,,,,,,,,,
HOTEL5382,Aditya Park Hotel,Superior,18-01-2019,4366,0,0,900,540,0,0,0,0
HOTEL5382,Aditya Park Hotel,Superior,19-01-2019,4366,0,0,900,540,0,0,0,0
HOTEL5382,Aditya Park Hotel,Superior,20-01-2019,4366,0,0,900,540,0,0,0,0
HOTEL5382,Aditya Park Hotel,Superior,21-01-2019,4366,0,0,900,540,0,0,0,0
HOTEL5382,Aditya Park Hotel,Superior,22-01-2019,4366,0,0,900,540,0,0,0,0
HOTEL5382,Aditya Park Hotel,Superior,23-01-2019,4366,0,0,900,540,0,0,0,0
HOTEL5382,Aditya Park Hotel,Superior,24-01-2019,4366,0,0,900,540,0,0,0,0
HOTEL5382,Aditya Park Hotel,Superior,25-01-2019,4366,0,0,900,540,0,0,0,0
HOTEL5382,Aditya Park Hotel,Superior,26-01-2019,4366,0,0,900,540,0,0,0,0
HOTEL5382,Aditya Park Hotel,Superior,27-01-2019,4366,0,0,900,540,0,0,0,0
HOTEL5382,Aditya Park Hotel,Superior,28-01-2019,4366,0,0,900,540,0,0,0,0
HOTEL5382,Aditya Park Hotel,Superior,29-01-2019,4366,0,0,900,540,0,0,0,0
HOTEL5382,Aditya Park Hotel,Superior,30-01-2019,4366,0,0,900,540,0,0,0,0
HOTEL5382,Aditya Park Hotel,Superior,31-01-2019,4366,0,0,900,540,0,0,0,0
HOTEL5382,Aditya Park Hotel,Superior,01-02-2019,4366,0,0,900,540,0,0,0,0
HOTEL5382,Aditya Park Hotel,Superior,02-02-2019,4366,0,0,900,540,0,0,0,0
HOTEL5382,Aditya Park Hotel,Superior,03-02-2019,4366,0,0,900,540,0,0,0,0
HOTEL5382,Aditya Park Hotel,Superior,04-02-2019,4366,0,0,900,540,0,0,0,0
HOTEL5382,Aditya Park Hotel,Superior,05-02-2019,4366,0,0,900,540,0,0,0,0
HOTEL5382,Aditya Park Hotel,Superior,06-02-2019,4366,0,0,900,540,0,0,0,0
HOTEL5382,Aditya Park Hotel,Superior,07-02-2019,4366,0,0,900,540,0,0,0,0
HOTEL5382,Aditya Park Hotel,Superior,08-02-2019,4366,0,0,900,540,0,0,0,0
HOTEL5382,Aditya Park Hotel,Superior,09-02-2019,4366,0,0,900,540,0,0,0,0
HOTEL5382,Aditya Park Hotel,Superior,10-02-2019,4366,0,0,900,540,0,0,0,0
HOTEL5382,Aditya Park Hotel,Superior,11-02-2019,4366,0,0,900,540,0,0,0,0
HOTEL5382,Aditya Park Hotel,Superior,12-02-2019,4366,0,0,900,540,0,0,0,0
HOTEL5382,Aditya Park Hotel,Superior,13-02-2019,4366,0,0,900,540,0,0,0,0
HOTEL5382,Aditya Park Hotel,Superior,14-02-2019,4366,0,0,900,540,0,0,0,0
HOTEL5382,Aditya Park Hotel,Superior,15-02-2019,4366,0,0,900,540,0,0,0,0
HOTEL5382,Aditya Park Hotel,Superior,16-02-2019,4366,0,0,900,540,0,0,0,0
HOTEL5382,Aditya Park Hotel,Superior,17-02-2019,4366,0,0,900,540,0,0,0,0
HOTEL5382,Aditya Park Hotel,Superior,18-02-2019,4366,0,0,900,540,0,0,0,0
HOTEL5382,Aditya Park Hotel,Superior,19-02-2019,4366,0,0,900,540,0,0,0,0
HOTEL5382,Aditya Park Hotel,Superior,20-02-2019,4366,0,0,900,540,0,0,0,0
HOTEL5382,Aditya Park Hotel,Superior,21-02-2019,4366,0,0,900,540,0,0,0,0
HOTEL5382,Aditya Park Hotel,Superior,22-02-2019,4366,0,0,900,540,0,0,0,0
HOTEL5382,Aditya Park Hotel,Superior,23-02-2019,4366,0,0,900,540,0,0,0,0
HOTEL5382,Aditya Park Hotel,Superior,24-02-2019,4366,0,0,900,540,0,0,0,0
HOTEL5382,Aditya Park Hotel,Superior,25-02-2019,4366,0,0,900,540,0,0,0,0
HOTEL5382,Aditya Park Hotel,Superior,26-02-2019,4366,0,0,900,540,0,0,0,0
HOTEL5382,Aditya Park Hotel,Superior,27-02-2019,4366,0,0,900,540,0,0,0,0
HOTEL5382,Aditya Park Hotel,Superior,28-02-2019,4366,0,0,900,540,0,0,0,0
HOTEL5382,Aditya Park Hotel,Superior,01-03-2019,4366,0,0,900,540,0,0,0,0
HOTEL5382,Aditya Park Hotel,Superior,02-03-2019,4366,0,0,900,540,0,0,0,0
HOTEL5382,Aditya Park Hotel,Superior,03-03-2019,4366,0,0,900,540,0,0,0,0
HOTEL5382,Aditya Park Hotel,Superior,04-03-2019,4366,0,0,900,540,0,0,0,0
HOTEL5382,Aditya Park Hotel,Superior,05-03-2019,4366,0,0,900,540,0,0,0,0
HOTEL5382,Aditya Park Hotel,Superior,06-03-2019,4366,0,0,900,540,0,0,0,0
HOTEL5382,Aditya Park Hotel,Superior,07-03-2019,4366,0,0,900,540,0,0,0,0
HOTEL5382,Aditya Park Hotel,Superior,08-03-2019,4366,0,0,900,540,0,0,0,0
HOTEL5382,Aditya Park Hotel,Superior,09-03-2019,4366,0,0,900,540,0,0,0,0
HOTEL5382,Aditya Park Hotel,Superior,10-03-2019,4366,0,0,900,540,0,0,0,0
HOTEL5382,Aditya Park Hotel,Superior,11-03-2019,4366,0,0,900,540,0,0,0,0
HOTEL5382,Aditya Park Hotel,Superior,12-03-2019,4366,0,0,900,540,0,0,0,0
HOTEL5382,Aditya Park Hotel,Superior,13-03-2019,4366,0,0,900,540,0,0,0,0
HOTEL5382,Aditya Park Hotel,Superior,14-03-2019,4366,0,0,900,540,0,0,0,0
HOTEL5382,Aditya Park Hotel,Superior,15-03-2019,4366,0,0,900,540,0,0,0,0
HOTEL5382,Aditya Park Hotel,Superior,16-03-2019,4366,0,0,900,540,0,0,0,0
HOTEL5382,Aditya Park Hotel,Superior,17-03-2019,4366,0,0,900,540,0,0,0,0
HOTEL5382,Aditya Park Hotel,Superior,18-03-2019,4366,0,0,900,540,0,0,0,0
HOTEL5382,Aditya Park Hotel,Superior,19-03-2019,4366,0,0,900,540,0,0,0,0
HOTEL5382,Aditya Park Hotel,Superior,20-03-2019,4366,0,0,900,540,0,0,0,0
HOTEL5382,Aditya Park Hotel,Superior,21-03-2019,4366,0,0,900,540,0,0,0,0
HOTEL5382,Aditya Park Hotel,Superior,22-03-2019,4366,0,0,900,540,0,0,0,0
HOTEL5382,Aditya Park Hotel,Superior,23-03-2019,4366,0,0,900,540,0,0,0,0
HOTEL5382,Aditya Park Hotel,Superior,24-03-2019,4366,0,0,900,540,0,0,0,0
HOTEL5382,Aditya Park Hotel,Superior,25-03-2019,4366,0,0,900,540,0,0,0,0
HOTEL5382,Aditya Park Hotel,Superior,26-03-2019,4366,0,0,900,540,0,0,0,0
HOTEL5382,Aditya Park Hotel,Superior,27-03-2019,4366,0,0,900,540,0,0,0,0
HOTEL5382,Aditya Park Hotel,Superior,28-03-2019,4366,0,0,900,540,0,0,0,0
HOTEL5382,Aditya Park Hotel,Superior,29-03-2019,4366,0,0,900,540,0,0,0,0
HOTEL5382,Aditya Park Hotel,Superior,30-03-2019,4366,0,0,900,540,0,0,0,0
HOTEL5382,Aditya Park Hotel,Superior,31-03-2019,4366,0,0,900,540,0,0,0,0
,,,,,,,,,,,,
HOTEL5382,Aditya Park Hotel,Executive,18-01-2019,5310,0,0,900,540,0,0,0,0
HOTEL5382,Aditya Park Hotel,Executive,19-01-2019,5310,0,0,900,540,0,0,0,0
HOTEL5382,Aditya Park Hotel,Executive,20-01-2019,5310,0,0,900,540,0,0,0,0
HOTEL5382,Aditya Park Hotel,Executive,21-01-2019,5310,0,0,900,540,0,0,0,0
HOTEL5382,Aditya Park Hotel,Executive,22-01-2019,5310,0,0,900,540,0,0,0,0
HOTEL5382,Aditya Park Hotel,Executive,23-01-2019,5310,0,0,900,540,0,0,0,0
HOTEL5382,Aditya Park Hotel,Executive,24-01-2019,5310,0,0,900,540,0,0,0,0
HOTEL5382,Aditya Park Hotel,Executive,25-01-2019,5310,0,0,900,540,0,0,0,0
HOTEL5382,Aditya Park Hotel,Executive,26-01-2019,5310,0,0,900,540,0,0,0,0
HOTEL5382,Aditya Park Hotel,Executive,27-01-2019,5310,0,0,900,540,0,0,0,0
HOTEL5382,Aditya Park Hotel,Executive,28-01-2019,5310,0,0,900,540,0,0,0,0
HOTEL5382,Aditya Park Hotel,Executive,29-01-2019,5310,0,0,900,540,0,0,0,0
HOTEL5382,Aditya Park Hotel,Executive,30-01-2019,5310,0,0,900,540,0,0,0,0
HOTEL5382,Aditya Park Hotel,Executive,31-01-2019,5310,0,0,900,540,0,0,0,0
HOTEL5382,Aditya Park Hotel,Executive,01-02-2019,5310,0,0,900,540,0,0,0,0
HOTEL5382,Aditya Park Hotel,Executive,02-02-2019,5310,0,0,900,540,0,0,0,0
HOTEL5382,Aditya Park Hotel,Executive,03-02-2019,5310,0,0,900,540,0,0,0,0
HOTEL5382,Aditya Park Hotel,Executive,04-02-2019,5310,0,0,900,540,0,0,0,0
HOTEL5382,Aditya Park Hotel,Executive,05-02-2019,5310,0,0,900,540,0,0,0,0
HOTEL5382,Aditya Park Hotel,Executive,06-02-2019,5310,0,0,900,540,0,0,0,0
HOTEL5382,Aditya Park Hotel,Executive,07-02-2019,5310,0,0,900,540,0,0,0,0
HOTEL5382,Aditya Park Hotel,Executive,08-02-2019,5310,0,0,900,540,0,0,0,0
HOTEL5382,Aditya Park Hotel,Executive,09-02-2019,5310,0,0,900,540,0,0,0,0
HOTEL5382,Aditya Park Hotel,Executive,10-02-2019,5310,0,0,900,540,0,0,0,0
HOTEL5382,Aditya Park Hotel,Executive,11-02-2019,5310,0,0,900,540,0,0,0,0
HOTEL5382,Aditya Park Hotel,Executive,12-02-2019,5310,0,0,900,540,0,0,0,0
HOTEL5382,Aditya Park Hotel,Executive,13-02-2019,5310,0,0,900,540,0,0,0,0
HOTEL5382,Aditya Park Hotel,Executive,14-02-2019,5310,0,0,900,540,0,0,0,0
HOTEL5382,Aditya Park Hotel,Executive,15-02-2019,5310,0,0,900,540,0,0,0,0
HOTEL5382,Aditya Park Hotel,Executive,16-02-2019,5310,0,0,900,540,0,0,0,0
HOTEL5382,Aditya Park Hotel,Executive,17-02-2019,5310,0,0,900,540,0,0,0,0
HOTEL5382,Aditya Park Hotel,Executive,18-02-2019,5310,0,0,900,540,0,0,0,0
HOTEL5382,Aditya Park Hotel,Executive,19-02-2019,5310,0,0,900,540,0,0,0,0
HOTEL5382,Aditya Park Hotel,Executive,20-02-2019,5310,0,0,900,540,0,0,0,0
HOTEL5382,Aditya Park Hotel,Executive,21-02-2019,5310,0,0,900,540,0,0,0,0
HOTEL5382,Aditya Park Hotel,Executive,22-02-2019,5310,0,0,900,540,0,0,0,0
HOTEL5382,Aditya Park Hotel,Executive,23-02-2019,5310,0,0,900,540,0,0,0,0
HOTEL5382,Aditya Park Hotel,Executive,24-02-2019,5310,0,0,900,540,0,0,0,0
HOTEL5382,Aditya Park Hotel,Executive,25-02-2019,5310,0,0,900,540,0,0,0,0
HOTEL5382,Aditya Park Hotel,Executive,26-02-2019,5310,0,0,900,540,0,0,0,0
HOTEL5382,Aditya Park Hotel,Executive,27-02-2019,5310,0,0,900,540,0,0,0,0
HOTEL5382,Aditya Park Hotel,Executive,28-02-2019,5310,0,0,900,540,0,0,0,0
HOTEL5382,Aditya Park Hotel,Executive,01-03-2019,5310,0,0,900,540,0,0,0,0
HOTEL5382,Aditya Park Hotel,Executive,02-03-2019,5310,0,0,900,540,0,0,0,0
HOTEL5382,Aditya Park Hotel,Executive,03-03-2019,5310,0,0,900,540,0,0,0,0
HOTEL5382,Aditya Park Hotel,Executive,04-03-2019,5310,0,0,900,540,0,0,0,0
HOTEL5382,Aditya Park Hotel,Executive,05-03-2019,5310,0,0,900,540,0,0,0,0
HOTEL5382,Aditya Park Hotel,Executive,06-03-2019,5310,0,0,900,540,0,0,0,0
HOTEL5382,Aditya Park Hotel,Executive,07-03-2019,5310,0,0,900,540,0,0,0,0
HOTEL5382,Aditya Park Hotel,Executive,08-03-2019,5310,0,0,900,540,0,0,0,0
HOTEL5382,Aditya Park Hotel,Executive,09-03-2019,5310,0,0,900,540,0,0,0,0
HOTEL5382,Aditya Park Hotel,Executive,10-03-2019,5310,0,0,900,540,0,0,0,0
HOTEL5382,Aditya Park Hotel,Executive,11-03-2019,5310,0,0,900,540,0,0,0,0
HOTEL5382,Aditya Park Hotel,Executive,12-03-2019,5310,0,0,900,540,0,0,0,0
HOTEL5382,Aditya Park Hotel,Executive,13-03-2019,5310,0,0,900,540,0,0,0,0
HOTEL5382,Aditya Park Hotel,Executive,14-03-2019,5310,0,0,900,540,0,0,0,0
HOTEL5382,Aditya Park Hotel,Executive,15-03-2019,5310,0,0,900,540,0,0,0,0
HOTEL5382,Aditya Park Hotel,Executive,16-03-2019,5310,0,0,900,540,0,0,0,0
HOTEL5382,Aditya Park Hotel,Executive,17-03-2019,5310,0,0,900,540,0,0,0,0
HOTEL5382,Aditya Park Hotel,Executive,18-03-2019,5310,0,0,900,540,0,0,0,0
HOTEL5382,Aditya Park Hotel,Executive,19-03-2019,5310,0,0,900,540,0,0,0,0
HOTEL5382,Aditya Park Hotel,Executive,20-03-2019,5310,0,0,900,540,0,0,0,0
HOTEL5382,Aditya Park Hotel,Executive,21-03-2019,5310,0,0,900,540,0,0,0,0
HOTEL5382,Aditya Park Hotel,Executive,22-03-2019,5310,0,0,900,540,0,0,0,0
HOTEL5382,Aditya Park Hotel,Executive,23-03-2019,5310,0,0,900,540,0,0,0,0
HOTEL5382,Aditya Park Hotel,Executive,24-03-2019,5310,0,0,900,540,0,0,0,0
HOTEL5382,Aditya Park Hotel,Executive,25-03-2019,5310,0,0,900,540,0,0,0,0
HOTEL5382,Aditya Park Hotel,Executive,26-03-2019,5310,0,0,900,540,0,0,0,0
HOTEL5382,Aditya Park Hotel,Executive,27-03-2019,5310,0,0,900,540,0,0,0,0
HOTEL5382,Aditya Park Hotel,Executive,28-03-2019,5310,0,0,900,540,0,0,0,0
HOTEL5382,Aditya Park Hotel,Executive,29-03-2019,5310,0,0,900,540,0,0,0,0
HOTEL5382,Aditya Park Hotel,Executive,30-03-2019,5310,0,0,900,540,0,0,0,0
HOTEL5382,Aditya Park Hotel,Executive,31-03-2019,5310,0,0,900,540,0,0,0,0
,,,,,,,,,,,,
HOTEL5382,Aditya Park Hotel,Junior Suite,18-01-2019,5900,0,0,900,540,0,0,0,0
HOTEL5382,Aditya Park Hotel,Junior Suite,19-01-2019,5900,0,0,900,540,0,0,0,0
HOTEL5382,Aditya Park Hotel,Junior Suite,20-01-2019,5900,0,0,900,540,0,0,0,0
HOTEL5382,Aditya Park Hotel,Junior Suite,21-01-2019,5900,0,0,900,540,0,0,0,0
HOTEL5382,Aditya Park Hotel,Junior Suite,22-01-2019,5900,0,0,900,540,0,0,0,0
HOTEL5382,Aditya Park Hotel,Junior Suite,23-01-2019,5900,0,0,900,540,0,0,0,0
HOTEL5382,Aditya Park Hotel,Junior Suite,24-01-2019,5900,0,0,900,540,0,0,0,0
HOTEL5382,Aditya Park Hotel,Junior Suite,25-01-2019,5900,0,0,900,540,0,0,0,0
HOTEL5382,Aditya Park Hotel,Junior Suite,26-01-2019,5900,0,0,900,540,0,0,0,0
HOTEL5382,Aditya Park Hotel,Junior Suite,27-01-2019,5900,0,0,900,540,0,0,0,0
HOTEL5382,Aditya Park Hotel,Junior Suite,28-01-2019,5900,0,0,900,540,0,0,0,0
HOTEL5382,Aditya Park Hotel,Junior Suite,29-01-2019,5900,0,0,900,540,0,0,0,0
HOTEL5382,Aditya Park Hotel,Junior Suite,30-01-2019,5900,0,0,900,540,0,0,0,0
HOTEL5382,Aditya Park Hotel,Junior Suite,31-01-2019,5900,0,0,900,540,0,0,0,0
HOTEL5382,Aditya Park Hotel,Junior Suite,01-02-2019,5900,0,0,900,540,0,0,0,0
HOTEL5382,Aditya Park Hotel,Junior Suite,02-02-2019,5900,0,0,900,540,0,0,0,0
HOTEL5382,Aditya Park Hotel,Junior Suite,03-02-2019,5900,0,0,900,540,0,0,0,0
HOTEL5382,Aditya Park Hotel,Junior Suite,04-02-2019,5900,0,0,900,540,0,0,0,0
HOTEL5382,Aditya Park Hotel,Junior Suite,05-02-2019,5900,0,0,900,540,0,0,0,0
HOTEL5382,Aditya Park Hotel,Junior Suite,06-02-2019,5900,0,0,900,540,0,0,0,0
HOTEL5382,Aditya Park Hotel,Junior Suite,07-02-2019,5900,0,0,900,540,0,0,0,0
HOTEL5382,Aditya Park Hotel,Junior Suite,08-02-2019,5900,0,0,900,540,0,0,0,0
HOTEL5382,Aditya Park Hotel,Junior Suite,09-02-2019,5900,0,0,900,540,0,0,0,0
HOTEL5382,Aditya Park Hotel,Junior Suite,10-02-2019,5900,0,0,900,540,0,0,0,0
HOTEL5382,Aditya Park Hotel,Junior Suite,11-02-2019,5900,0,0,900,540,0,0,0,0
HOTEL5382,Aditya Park Hotel,Junior Suite,12-02-2019,5900,0,0,900,540,0,0,0,0
HOTEL5382,Aditya Park Hotel,Junior Suite,13-02-2019,5900,0,0,900,540,0,0,0,0
HOTEL5382,Aditya Park Hotel,Junior Suite,14-02-2019,5900,0,0,900,540,0,0,0,0
HOTEL5382,Aditya Park Hotel,Junior Suite,15-02-2019,5900,0,0,900,540,0,0,0,0
HOTEL5382,Aditya Park Hotel,Junior Suite,16-02-2019,5900,0,0,900,540,0,0,0,0
HOTEL5382,Aditya Park Hotel,Junior Suite,17-02-2019,5900,0,0,900,540,0,0,0,0
HOTEL5382,Aditya Park Hotel,Junior Suite,18-02-2019,5900,0,0,900,540,0,0,0,0
HOTEL5382,Aditya Park Hotel,Junior Suite,19-02-2019,5900,0,0,900,540,0,0,0,0
HOTEL5382,Aditya Park Hotel,Junior Suite,20-02-2019,5900,0,0,900,540,0,0,0,0
HOTEL5382,Aditya Park Hotel,Junior Suite,21-02-2019,5900,0,0,900,540,0,0,0,0
HOTEL5382,Aditya Park Hotel,Junior Suite,22-02-2019,5900,0,0,900,540,0,0,0,0
HOTEL5382,Aditya Park Hotel,Junior Suite,23-02-2019,5900,0,0,900,540,0,0,0,0
HOTEL5382,Aditya Park Hotel,Junior Suite,24-02-2019,5900,0,0,900,540,0,0,0,0
HOTEL5382,Aditya Park Hotel,Junior Suite,25-02-2019,5900,0,0,900,540,0,0,0,0
HOTEL5382,Aditya Park Hotel,Junior Suite,26-02-2019,5900,0,0,900,540,0,0,0,0
HOTEL5382,Aditya Park Hotel,Junior Suite,27-02-2019,5900,0,0,900,540,0,0,0,0
HOTEL5382,Aditya Park Hotel,Junior Suite,28-02-2019,5900,0,0,900,540,0,0,0,0
HOTEL5382,Aditya Park Hotel,Junior Suite,01-03-2019,5900,0,0,900,540,0,0,0,0
HOTEL5382,Aditya Park Hotel,Junior Suite,02-03-2019,5900,0,0,900,540,0,0,0,0
HOTEL5382,Aditya Park Hotel,Junior Suite,03-03-2019,5900,0,0,900,540,0,0,0,0
HOTEL5382,Aditya Park Hotel,Junior Suite,04-03-2019,5900,0,0,900,540,0,0,0,0
HOTEL5382,Aditya Park Hotel,Junior Suite,05-03-2019,5900,0,0,900,540,0,0,0,0
HOTEL5382,Aditya Park Hotel,Junior Suite,06-03-2019,5900,0,0,900,540,0,0,0,0
HOTEL5382,Aditya Park Hotel,Junior Suite,07-03-2019,5900,0,0,900,540,0,0,0,0
HOTEL5382,Aditya Park Hotel,Junior Suite,08-03-2019,5900,0,0,900,540,0,0,0,0
HOTEL5382,Aditya Park Hotel,Junior Suite,09-03-2019,5900,0,0,900,540,0,0,0,0
HOTEL5382,Aditya Park Hotel,Junior Suite,10-03-2019,5900,0,0,900,540,0,0,0,0
HOTEL5382,Aditya Park Hotel,Junior Suite,11-03-2019,5900,0,0,900,540,0,0,0,0
HOTEL5382,Aditya Park Hotel,Junior Suite,12-03-2019,5900,0,0,900,540,0,0,0,0
HOTEL5382,Aditya Park Hotel,Junior Suite,13-03-2019,5900,0,0,900,540,0,0,0,0
HOTEL5382,Aditya Park Hotel,Junior Suite,14-03-2019,5900,0,0,900,540,0,0,0,0
HOTEL5382,Aditya Park Hotel,Junior Suite,15-03-2019,5900,0,0,900,540,0,0,0,0
HOTEL5382,Aditya Park Hotel,Junior Suite,16-03-2019,5900,0,0,900,540,0,0,0,0
HOTEL5382,Aditya Park Hotel,Junior Suite,17-03-2019,5900,0,0,900,540,0,0,0,0
HOTEL5382,Aditya Park Hotel,Junior Suite,18-03-2019,5900,0,0,900,540,0,0,0,0
HOTEL5382,Aditya Park Hotel,Junior Suite,19-03-2019,5900,0,0,900,540,0,0,0,0
HOTEL5382,Aditya Park Hotel,Junior Suite,20-03-2019,5900,0,0,900,540,0,0,0,0
HOTEL5382,Aditya Park Hotel,Junior Suite,21-03-2019,5900,0,0,900,540,0,0,0,0
HOTEL5382,Aditya Park Hotel,Junior Suite,22-03-2019,5900,0,0,900,540,0,0,0,0
HOTEL5382,Aditya Park Hotel,Junior Suite,23-03-2019,5900,0,0,900,540,0,0,0,0
HOTEL5382,Aditya Park Hotel,Junior Suite,24-03-2019,5900,0,0,900,540,0,0,0,0
HOTEL5382,Aditya Park Hotel,Junior Suite,25-03-2019,5900,0,0,900,540,0,0,0,0
HOTEL5382,Aditya Park Hotel,Junior Suite,26-03-2019,5900,0,0,900,540,0,0,0,0
HOTEL5382,Aditya Park Hotel,Junior Suite,27-03-2019,5900,0,0,900,540,0,0,0,0
HOTEL5382,Aditya Park Hotel,Junior Suite,28-03-2019,5900,0,0,900,540,0,0,0,0
HOTEL5382,Aditya Park Hotel,Junior Suite,29-03-2019,5900,0,0,900,540,0,0,0,0
HOTEL5382,Aditya Park Hotel,Junior Suite,30-03-2019,5900,0,0,900,540,0,0,0,0
HOTEL5382,Aditya Park Hotel,Junior Suite,31-03-2019,5900,0,0,900,540,0,0,0,0
,,,,,,,,,,,,
HOTEL5382,Aditya Park Hotel,Suite,18-01-2019,7080,0,0,900,540,0,0,0,0
HOTEL5382,Aditya Park Hotel,Suite,19-01-2019,7080,0,0,900,540,0,0,0,0
HOTEL5382,Aditya Park Hotel,Suite,20-01-2019,7080,0,0,900,540,0,0,0,0
HOTEL5382,Aditya Park Hotel,Suite,21-01-2019,7080,0,0,900,540,0,0,0,0
HOTEL5382,Aditya Park Hotel,Suite,22-01-2019,7080,0,0,900,540,0,0,0,0
HOTEL5382,Aditya Park Hotel,Suite,23-01-2019,7080,0,0,900,540,0,0,0,0
HOTEL5382,Aditya Park Hotel,Suite,24-01-2019,7080,0,0,900,540,0,0,0,0
HOTEL5382,Aditya Park Hotel,Suite,25-01-2019,7080,0,0,900,540,0,0,0,0
HOTEL5382,Aditya Park Hotel,Suite,26-01-2019,7080,0,0,900,540,0,0,0,0
HOTEL5382,Aditya Park Hotel,Suite,27-01-2019,7080,0,0,900,540,0,0,0,0
HOTEL5382,Aditya Park Hotel,Suite,28-01-2019,7080,0,0,900,540,0,0,0,0
HOTEL5382,Aditya Park Hotel,Suite,29-01-2019,7080,0,0,900,540,0,0,0,0
HOTEL5382,Aditya Park Hotel,Suite,30-01-2019,7080,0,0,900,540,0,0,0,0
HOTEL5382,Aditya Park Hotel,Suite,31-01-2019,7080,0,0,900,540,0,0,0,0
HOTEL5382,Aditya Park Hotel,Suite,01-02-2019,7080,0,0,900,540,0,0,0,0
HOTEL5382,Aditya Park Hotel,Suite,02-02-2019,7080,0,0,900,540,0,0,0,0
HOTEL5382,Aditya Park Hotel,Suite,03-02-2019,7080,0,0,900,540,0,0,0,0
HOTEL5382,Aditya Park Hotel,Suite,04-02-2019,7080,0,0,900,540,0,0,0,0
HOTEL5382,Aditya Park Hotel,Suite,05-02-2019,7080,0,0,900,540,0,0,0,0
HOTEL5382,Aditya Park Hotel,Suite,06-02-2019,7080,0,0,900,540,0,0,0,0
HOTEL5382,Aditya Park Hotel,Suite,07-02-2019,7080,0,0,900,540,0,0,0,0
HOTEL5382,Aditya Park Hotel,Suite,08-02-2019,7080,0,0,900,540,0,0,0,0
HOTEL5382,Aditya Park Hotel,Suite,09-02-2019,7080,0,0,900,540,0,0,0,0
HOTEL5382,Aditya Park Hotel,Suite,10-02-2019,7080,0,0,900,540,0,0,0,0
HOTEL5382,Aditya Park Hotel,Suite,11-02-2019,7080,0,0,900,540,0,0,0,0
HOTEL5382,Aditya Park Hotel,Suite,12-02-2019,7080,0,0,900,540,0,0,0,0
HOTEL5382,Aditya Park Hotel,Suite,13-02-2019,7080,0,0,900,540,0,0,0,0
HOTEL5382,Aditya Park Hotel,Suite,14-02-2019,7080,0,0,900,540,0,0,0,0
HOTEL5382,Aditya Park Hotel,Suite,15-02-2019,7080,0,0,900,540,0,0,0,0
HOTEL5382,Aditya Park Hotel,Suite,16-02-2019,7080,0,0,900,540,0,0,0,0
HOTEL5382,Aditya Park Hotel,Suite,17-02-2019,7080,0,0,900,540,0,0,0,0
HOTEL5382,Aditya Park Hotel,Suite,18-02-2019,7080,0,0,900,540,0,0,0,0
HOTEL5382,Aditya Park Hotel,Suite,19-02-2019,7080,0,0,900,540,0,0,0,0
HOTEL5382,Aditya Park Hotel,Suite,20-02-2019,7080,0,0,900,540,0,0,0,0
HOTEL5382,Aditya Park Hotel,Suite,21-02-2019,7080,0,0,900,540,0,0,0,0
HOTEL5382,Aditya Park Hotel,Suite,22-02-2019,7080,0,0,900,540,0,0,0,0
HOTEL5382,Aditya Park Hotel,Suite,23-02-2019,7080,0,0,900,540,0,0,0,0
HOTEL5382,Aditya Park Hotel,Suite,24-02-2019,7080,0,0,900,540,0,0,0,0
HOTEL5382,Aditya Park Hotel,Suite,25-02-2019,7080,0,0,900,540,0,0,0,0
HOTEL5382,Aditya Park Hotel,Suite,26-02-2019,7080,0,0,900,540,0,0,0,0
HOTEL5382,Aditya Park Hotel,Suite,27-02-2019,7080,0,0,900,540,0,0,0,0
HOTEL5382,Aditya Park Hotel,Suite,28-02-2019,7080,0,0,900,540,0,0,0,0
HOTEL5382,Aditya Park Hotel,Suite,01-03-2019,7080,0,0,900,540,0,0,0,0
HOTEL5382,Aditya Park Hotel,Suite,02-03-2019,7080,0,0,900,540,0,0,0,0
HOTEL5382,Aditya Park Hotel,Suite,03-03-2019,7080,0,0,900,540,0,0,0,0
HOTEL5382,Aditya Park Hotel,Suite,04-03-2019,7080,0,0,900,540,0,0,0,0
HOTEL5382,Aditya Park Hotel,Suite,05-03-2019,7080,0,0,900,540,0,0,0,0
HOTEL5382,Aditya Park Hotel,Suite,06-03-2019,7080,0,0,900,540,0,0,0,0
HOTEL5382,Aditya Park Hotel,Suite,07-03-2019,7080,0,0,900,540,0,0,0,0
HOTEL5382,Aditya Park Hotel,Suite,08-03-2019,7080,0,0,900,540,0,0,0,0
HOTEL5382,Aditya Park Hotel,Suite,09-03-2019,7080,0,0,900,540,0,0,0,0
HOTEL5382,Aditya Park Hotel,Suite,10-03-2019,7080,0,0,900,540,0,0,0,0
HOTEL5382,Aditya Park Hotel,Suite,11-03-2019,7080,0,0,900,540,0,0,0,0
HOTEL5382,Aditya Park Hotel,Suite,12-03-2019,7080,0,0,900,540,0,0,0,0
HOTEL5382,Aditya Park Hotel,Suite,13-03-2019,7080,0,0,900,540,0,0,0,0
HOTEL5382,Aditya Park Hotel,Suite,14-03-2019,7080,0,0,900,540,0,0,0,0
HOTEL5382,Aditya Park Hotel,Suite,15-03-2019,7080,0,0,900,540,0,0,0,0
HOTEL5382,Aditya Park Hotel,Suite,16-03-2019,7080,0,0,900,540,0,0,0,0
HOTEL5382,Aditya Park Hotel,Suite,17-03-2019,7080,0,0,900,540,0,0,0,0
HOTEL5382,Aditya Park Hotel,Suite,18-03-2019,7080,0,0,900,540,0,0,0,0
HOTEL5382,Aditya Park Hotel,Suite,19-03-2019,7080,0,0,900,540,0,0,0,0
HOTEL5382,Aditya Park Hotel,Suite,20-03-2019,7080,0,0,900,540,0,0,0,0
HOTEL5382,Aditya Park Hotel,Suite,21-03-2019,7080,0,0,900,540,0,0,0,0
HOTEL5382,Aditya Park Hotel,Suite,22-03-2019,7080,0,0,900,540,0,0,0,0
HOTEL5382,Aditya Park Hotel,Suite,23-03-2019,7080,0,0,900,540,0,0,0,0
HOTEL5382,Aditya Park Hotel,Suite,24-03-2019,7080,0,0,900,540,0,0,0,0
HOTEL5382,Aditya Park Hotel,Suite,25-03-2019,7080,0,0,900,540,0,0,0,0
HOTEL5382,Aditya Park Hotel,Suite,26-03-2019,7080,0,0,900,540,0,0,0,0
HOTEL5382,Aditya Park Hotel,Suite,27-03-2019,7080,0,0,900,540,0,0,0,0
HOTEL5382,Aditya Park Hotel,Suite,28-03-2019,7080,0,0,900,540,0,0,0,0
HOTEL5382,Aditya Park Hotel,Suite,29-03-2019,7080,0,0,900,540,0,0,0,0
HOTEL5382,Aditya Park Hotel,Suite,30-03-2019,7080,0,0,900,540,0,0,0,0
HOTEL5382,Aditya Park Hotel,Suite,31-03-2019,7080,0,0,900,540,0,0,0,0
,,,,,,,,,,,,
HOTEL5398,Fortune Murali ,Standard ,31-09-2018,5400,800,800,1300,780,0,0,0,0
,,,,,,,,,,,,
HOTEL5398,Fortune Murali ,Fortune Club,31-09-2018,6000,800,800,1300,780,0,0,0,0
